<?xml version="1.0" encoding="UTF-8"?>
<project-private xmlns="http://www.netbeans.org/ns/project-private/1">
    <editor-bookmarks xmlns="http://www.netbeans.org/ns/editor-bookmarks/2" lastBookmarkId="0"/>
    <open-files xmlns="http://www.netbeans.org/ns/projectui-open-files/2">
        <group>
            <file>file:/C:/Users/Newer/Downloads/Excitebike/Excitebike/src/entity/Entity.java</file>
            <file>file:/C:/Users/Newer/Downloads/Excitebike/Excitebike/res/maps/map03.txt</file>
            <file>file:/C:/Users/Newer/Downloads/Excitebike/Excitebike/res/maps/map01.txt</file>
            <file>file:/C:/Users/Newer/Downloads/Excitebike/Excitebike/src/excitebike/Collisioni.java</file>
            <file>file:/C:/Users/Newer/Downloads/Excitebike/Excitebike/src/excitebike/UI.java</file>
            <file>file:/C:/Users/Newer/Downloads/Excitebike/Excitebike/res/maps/map02.txt</file>
            <file>file:/C:/Users/Newer/Downloads/Excitebike/Excitebike/src/excitebike/suono.java</file>
            <file>file:/C:/Users/Newer/Downloads/Excitebike/Excitebike/src/excitebike/Settaasset.java</file>
            <file>file:/C:/Users/Newer/Downloads/Excitebike/Excitebike/src/background/Background.java</file>
            <file>file:/C:/Users/Newer/Downloads/Excitebike/Excitebike/src/entity/Player.java</file>
            <file>file:/C:/Users/Newer/Downloads/Excitebike/Excitebike/src/excitebike/Controlli.java</file>
            <file>file:/C:/Users/Newer/Downloads/Excitebike/Excitebike/src/background/BackManager.java</file>
            <file>file:/C:/Users/Newer/Downloads/Excitebike/Excitebike/src/entity/Avversario.java</file>
            <file>file:/C:/Users/Newer/Downloads/Excitebike/Excitebike/src/excitebike/Pannello.java</file>
        </group>
    </open-files>
</project-private>
